Date_Time,Dp>0.3,Dp>0.5,Dp>1.0,Dp>2.5,Dp>5.0,Dp>10.0
2021-03-22 09:30:00,9,3,3,3,0,0
2021-03-22 09:30:10,0,0,0,0,0,0
2021-03-22 09:30:20,0,0,0,0,0,0
2021-03-22 09:30:30,0,0,0,0,0,0
2021-03-22 09:30:40,0,0,0,0,0,0
2021-03-22 09:30:50,0,0,0,0,0,0
2021-03-22 09:31:00,0,0,0,0,0,0
2021-03-22 09:31:10,0,0,0,0,0,0
2021-03-22 09:31:20,0,0,0,0,0,0
2021-03-22 09:31:30,0,0,0,0,0,0
2021-03-22 09:31:40,0,0,0,0,0,0
2021-03-22 09:31:50,0,0,0,0,0,0
2021-03-22 09:32:00,0,0,0,0,0,0
2021-03-22 09:32:10,0,0,0,0,0,0
2021-03-22 09:32:20,0,0,0,0,0,0
2021-03-22 09:32:30,0,0,0,0,0,0
2021-03-22 09:32:40,0,0,0,0,0,0
2021-03-22 09:32:50,0,0,0,0,0,0
2021-03-22 09:33:00,0,0,0,0,0,0
2021-03-22 09:33:10,0,0,0,0,0,0
2021-03-22 09:33:20,0,0,0,0,0,0
2021-03-22 09:33:30,0,0,0,0,0,0
2021-03-22 09:33:40,0,0,0,0,0,0
2021-03-22 09:33:50,0,0,0,0,0,0
2021-03-22 09:34:00,0,0,0,0,0,0
2021-03-22 09:34:10,0,0,0,0,0,0
2021-03-22 09:34:20,0,0,0,0,0,0
2021-03-22 09:34:30,0,0,0,0,0,0
2021-03-22 09:34:40,9,3,0,0,0,0
2021-03-22 09:34:50,0,0,0,0,0,0
2021-03-22 09:35:00,0,0,0,0,0,0
2021-03-22 09:35:10,0,0,0,0,0,0
2021-03-22 09:35:20,0,0,0,0,0,0
2021-03-22 09:35:30,0,0,0,0,0,0
2021-03-22 09:35:40,0,0,0,0,0,0
2021-03-22 09:35:50,0,0,0,0,0,0
2021-03-22 09:36:00,0,0,0,0,0,0
2021-03-22 09:36:10,0,0,0,0,0,0
2021-03-22 09:36:20,0,0,0,0,0,0
2021-03-22 09:36:30,0,0,0,0,0,0
2021-03-22 09:36:40,0,0,0,0,0,0
2021-03-22 09:36:50,0,0,0,0,0,0
2021-03-22 09:37:00,0,0,0,0,0,0
2021-03-22 09:37:10,0,0,0,0,0,0
2021-03-22 09:37:20,0,0,0,0,0,0
2021-03-22 09:37:30,0,0,0,0,0,0
2021-03-22 09:37:40,0,0,0,0,0,0
2021-03-22 09:37:50,0,0,0,0,0,0
2021-03-22 09:38:00,0,0,0,0,0,0
2021-03-22 09:38:10,0,0,0,0,0,0
2021-03-22 09:38:20,0,0,0,0,0,0
2021-03-22 09:38:30,4,1,0,0,0,0
2021-03-22 09:38:40,0,0,0,0,0,0
2021-03-22 09:38:50,0,0,0,0,0,0
2021-03-22 09:39:00,0,0,0,0,0,0
2021-03-22 09:39:10,0,0,0,0,0,0
2021-03-22 09:39:20,0,0,0,0,0,0
2021-03-22 09:39:30,0,0,0,0,0,0
2021-03-22 09:39:40,0,0,0,0,0,0
2021-03-22 09:39:50,54,18,3,0,0,0
2021-03-22 09:40:00,0,0,0,0,0,0
2021-03-22 09:40:10,0,0,0,0,0,0
2021-03-22 09:40:20,0,0,0,0,0,0
2021-03-22 09:40:30,0,0,0,0,0,0
2021-03-22 09:40:40,0,0,0,0,0,0
2021-03-22 09:40:50,9,3,0,0,0,0
2021-03-22 09:41:00,0,0,0,0,0,0
2021-03-22 09:41:10,0,0,0,0,0,0
2021-03-22 09:41:20,0,0,0,0,0,0
2021-03-22 09:41:30,9,3,0,0,0,0
2021-03-22 09:41:40,81,27,9,3,3,3
2021-03-22 09:41:50,273,88,30,6,3,3
2021-03-22 09:42:00,384,122,30,3,0,0
2021-03-22 09:42:10,576,183,42,6,0,0
2021-03-22 09:42:20,576,183,42,6,0,0
2021-03-22 09:42:30,513,158,31,3,0,0
2021-03-22 09:42:40,489,134,21,3,3,0
2021-03-22 09:42:50,330,94,18,3,3,0
2021-03-22 09:43:00,327,103,24,3,0,0
2021-03-22 09:43:10,300,94,30,6,6,3
2021-03-22 09:43:20,300,94,30,6,6,3
2021-03-22 09:43:30,322,101,27,4,3,1
2021-03-22 09:43:40,432,131,33,9,0,0
2021-03-22 09:43:50,534,159,45,6,0,0
2021-03-22 09:44:00,291,85,15,3,0,0
2021-03-22 09:44:10,537,159,24,9,6,0
2021-03-22 09:44:20,537,159,24,9,6,0
2021-03-22 09:44:30,427,129,33,7,6,1
2021-03-22 09:44:40,282,85,15,3,3,3
2021-03-22 09:44:50,351,104,18,0,0,0
2021-03-22 09:45:00,390,114,15,0,0,0
2021-03-22 09:45:10,180,54,18,3,0,0
2021-03-22 09:45:20,180,54,18,3,0,0
2021-03-22 09:45:30,219,65,12,3,1,1
2021-03-22 09:45:40,327,106,15,3,3,3
2021-03-22 09:45:50,402,122,15,6,6,3
2021-03-22 09:46:00,336,108,24,6,6,3
2021-03-22 09:46:10,441,143,33,3,0,0
2021-03-22 09:46:20,441,143,33,3,0,0
2021-03-22 09:46:30,319,101,21,4,1,0
2021-03-22 09:46:40,126,39,0,0,0,0
2021-03-22 09:46:50,117,36,3,0,0,0
2021-03-22 09:47:00,294,86,9,3,3,0
2021-03-22 09:47:10,312,92,3,0,0,0
2021-03-22 09:47:20,312,92,3,0,0,0
2021-03-22 09:47:30,219,64,4,0,0,0
2021-03-22 09:47:40,135,42,0,0,0,0
2021-03-22 09:47:50,153,45,0,0,0,0
2021-03-22 09:48:00,153,51,3,0,0,0
2021-03-22 09:48:10,213,71,3,3,3,3
2021-03-22 09:48:20,213,71,3,3,3,3
2021-03-22 09:48:30,201,65,6,1,1,1
2021-03-22 09:48:40,180,54,9,0,0,0
2021-03-22 09:48:50,99,30,6,3,0,0
2021-03-22 09:49:00,72,24,9,6,3,3
2021-03-22 09:49:10,81,24,6,3,3,3
2021-03-22 09:49:20,81,24,6,3,3,3
2021-03-22 09:49:30,103,33,10,3,3,3
2021-03-22 09:49:40,72,24,9,3,3,3
2021-03-22 09:49:50,36,12,3,3,0,0
2021-03-22 09:50:00,54,18,6,3,0,0
2021-03-22 09:50:10,90,27,9,3,0,0
2021-03-22 09:50:20,90,27,9,3,0,0
2021-03-22 09:50:30,90,28,6,1,0,0
2021-03-22 09:50:40,81,24,0,0,0,0
2021-03-22 09:50:50,81,24,9,3,0,0
2021-03-22 09:51:00,63,18,9,3,0,0
2021-03-22 09:51:10,72,15,0,0,0,0
2021-03-22 09:51:20,72,15,0,0,0,0
2021-03-22 09:51:30,67,16,6,1,1,0
2021-03-22 09:51:40,81,24,9,3,3,0
2021-03-22 09:51:50,72,21,3,3,3,0
2021-03-22 09:52:00,54,18,3,0,0,0
2021-03-22 09:52:10,54,18,0,0,0,0
2021-03-22 09:52:20,54,18,0,0,0,0
2021-03-22 09:52:30,58,18,4,0,0,0
2021-03-22 09:52:40,36,12,0,0,0,0
2021-03-22 09:52:50,54,15,3,0,0,0
2021-03-22 09:53:00,159,43,0,0,0,0
2021-03-22 09:53:10,93,28,0,0,0,0
2021-03-22 09:53:20,93,28,0,0,0,0
2021-03-22 09:53:30,64,18,1,0,0,0
2021-03-22 09:53:40,159,34,3,0,0,0
2021-03-22 09:53:50,132,31,0,0,0,0
2021-03-22 09:54:00,27,6,3,0,0,0
2021-03-22 09:54:10,45,9,6,0,0,0
2021-03-22 09:54:20,45,9,6,0,0,0
2021-03-22 09:54:30,73,20,6,0,0,0
2021-03-22 09:54:40,102,31,3,0,0,0
2021-03-22 09:54:50,18,6,0,0,0,0
2021-03-22 09:55:00,36,9,0,0,0,0
2021-03-22 09:55:10,36,9,0,0,0,0
2021-03-22 09:55:20,36,9,0,0,0,0
2021-03-22 09:55:30,22,6,1,1,0,0
2021-03-22 09:55:40,9,3,0,0,0,0
2021-03-22 09:55:50,18,6,0,0,0,0
2021-03-22 09:56:00,18,3,0,0,0,0
2021-03-22 09:56:10,9,0,0,0,0,0
2021-03-22 09:56:20,9,0,0,0,0,0
2021-03-22 09:56:30,18,3,1,0,0,0
2021-03-22 09:56:40,18,6,3,0,0,0
2021-03-22 09:56:50,9,3,0,0,0,0
2021-03-22 09:57:00,0,0,0,0,0,0
2021-03-22 09:57:10,0,0,0,0,0,0
2021-03-22 09:57:20,0,0,0,0,0,0
2021-03-22 09:57:30,37,11,0,0,0,0
2021-03-22 09:57:40,66,22,0,0,0,0
2021-03-22 09:57:50,9,3,3,0,0,0
2021-03-22 09:58:00,9,3,3,0,0,0
2021-03-22 09:58:10,0,0,0,0,0,0
2021-03-22 09:58:20,0,0,0,0,0,0
2021-03-22 09:58:30,4,1,1,1,0,0
2021-03-22 09:58:40,27,9,0,0,0,0
2021-03-22 09:58:50,27,9,0,0,0,0
2021-03-22 09:59:00,0,0,0,0,0,0
2021-03-22 09:59:10,27,6,3,0,0,0
2021-03-22 09:59:20,27,6,3,0,0,0
2021-03-22 09:59:30,13,3,1,0,0,0
2021-03-22 09:59:40,18,6,0,0,0,0
2021-03-22 09:59:50,45,15,0,0,0,0
2021-03-22 10:00:00,27,9,0,0,0,0
2021-03-22 10:00:10,9,3,0,0,0,0
2021-03-22 10:00:20,9,3,0,0,0,0
2021-03-22 10:00:30,9,3,0,0,0,0
2021-03-22 10:00:40,9,0,0,0,0,0
2021-03-22 10:00:50,9,0,0,0,0,0
2021-03-22 10:01:00,0,0,0,0,0,0
2021-03-22 10:01:10,18,6,0,0,0,0
2021-03-22 10:01:20,18,6,0,0,0,0
2021-03-22 10:01:30,31,10,1,0,0,0
2021-03-22 10:01:40,63,18,9,3,3,0
2021-03-22 10:01:50,36,9,9,6,6,0
2021-03-22 10:02:00,18,6,6,3,3,0
2021-03-22 10:02:10,18,6,6,3,3,3
2021-03-22 10:02:20,18,6,6,3,3,3
2021-03-22 10:02:30,9,3,3,1,1,1
2021-03-22 10:02:40,0,0,0,0,0,0
2021-03-22 10:02:50,9,3,3,0,0,0
2021-03-22 10:03:00,189,50,3,0,0,0
2021-03-22 10:03:10,180,47,0,0,0,0
2021-03-22 10:03:20,180,47,0,0,0,0
2021-03-22 10:03:30,90,23,0,0,0,0
2021-03-22 10:03:40,0,0,0,0,0,0
2021-03-22 10:03:50,0,0,0,0,0,0
2021-03-22 10:04:00,0,0,0,0,0,0
2021-03-22 10:04:10,9,3,3,0,0,0
2021-03-22 10:04:20,9,3,3,0,0,0
2021-03-22 10:04:30,4,1,1,0,0,0
2021-03-22 10:04:40,0,0,0,0,0,0
2021-03-22 10:04:50,0,0,0,0,0,0
2021-03-22 10:05:00,0,0,0,0,0,0
2021-03-22 10:05:10,0,0,0,0,0,0
2021-03-22 10:05:20,0,0,0,0,0,0
2021-03-22 10:05:30,4,1,1,1,1,0
2021-03-22 10:05:40,0,0,0,0,0,0
2021-03-22 10:05:50,36,6,0,0,0,0
2021-03-22 10:06:00,36,6,0,0,0,0
2021-03-22 10:06:10,9,3,3,0,0,0
2021-03-22 10:06:20,9,3,3,0,0,0
2021-03-22 10:06:30,49,15,3,0,0,0
2021-03-22 10:06:40,138,43,12,0,0,0
2021-03-22 10:06:50,378,119,33,3,3,0
2021-03-22 10:07:00,405,119,33,6,6,0
2021-03-22 10:07:10,207,57,12,3,3,0
2021-03-22 10:07:20,207,57,12,3,3,0
2021-03-22 10:07:30,649,192,48,6,1,0
2021-03-22 10:07:40,885,288,75,21,3,3
2021-03-22 10:07:50,900,294,57,12,6,3
2021-03-22 10:08:00,627,203,91,15,3,0
2021-03-22 10:08:10,474,143,39,9,3,3
2021-03-22 10:08:20,474,143,39,9,3,3
2021-03-22 10:08:30,451,136,30,9,4,3
2021-03-22 10:08:40,372,105,3,3,3,0
2021-03-22 10:08:50,411,128,15,3,0,0
2021-03-22 10:09:00,591,181,36,6,3,3
2021-03-22 10:09:10,681,201,45,12,6,3
2021-03-22 10:09:20,681,201,45,12,6,3
2021-03-22 10:09:30,603,183,51,12,6,1
2021-03-22 10:09:40,591,188,66,21,12,0
2021-03-22 10:09:50,327,100,39,15,12,0
2021-03-22 10:10:00,399,124,42,9,3,0
2021-03-22 10:10:10,495,146,48,0,0,0
2021-03-22 10:10:20,495,146,48,0,0,0
2021-03-22 10:10:30,424,127,33,3,1,0
2021-03-22 10:10:40,507,155,24,6,6,3
2021-03-22 10:10:50,510,149,21,0,0,0
2021-03-22 10:11:00,432,131,21,3,0,0
2021-03-22 10:11:10,357,107,18,3,0,0
2021-03-22 10:11:20,357,107,18,3,0,0
2021-03-22 10:11:30,412,128,25,7,1,0
2021-03-22 10:11:40,348,110,18,6,0,0
2021-03-22 10:11:50,351,107,27,6,6,6
2021-03-22 10:12:00,387,126,39,9,9,9
2021-03-22 10:12:10,315,99,30,6,6,3
2021-03-22 10:12:20,315,99,30,6,6,3
2021-03-22 10:12:30,294,90,19,4,3,1
2021-03-22 10:12:40,237,76,9,3,0,0
2021-03-22 10:12:50,219,64,12,0,0,0
2021-03-22 10:13:00,273,82,12,0,0,0
2021-03-22 10:13:10,153,51,9,3,0,0
2021-03-22 10:13:20,153,51,9,3,0,0
2021-03-22 10:13:30,193,58,10,1,0,0
2021-03-22 10:13:40,282,85,30,9,0,0
2021-03-22 10:13:50,387,112,15,0,0,0
2021-03-22 10:14:00,366,102,12,0,0,0
2021-03-22 10:14:10,264,60,6,0,0,0
2021-03-22 10:14:20,264,60,6,0,0,0
2021-03-22 10:14:30,190,46,6,3,1,1
2021-03-22 10:14:40,378,108,9,3,3,3
2021-03-22 10:14:50,570,159,9,6,3,3
2021-03-22 10:15:00,255,73,15,6,3,3
2021-03-22 10:15:10,135,42,12,0,0,0
2021-03-22 10:15:20,135,42,12,0,0,0
2021-03-22 10:15:30,99,30,9,1,0,0
2021-03-22 10:15:40,117,39,9,6,0,0
2021-03-22 10:15:50,144,48,0,0,0,0
2021-03-22 10:16:00,72,24,0,0,0,0
2021-03-22 10:16:10,54,18,0,0,0,0
2021-03-22 10:16:20,54,18,0,0,0,0
2021-03-22 10:16:30,129,36,1,0,0,0
2021-03-22 10:16:40,192,54,6,0,0,0
2021-03-22 10:16:50,189,63,6,0,0,0
2021-03-22 10:17:00,180,57,9,3,3,0
2021-03-22 10:17:10,162,51,15,6,3,0
2021-03-22 10:17:20,162,51,15,6,3,0
2021-03-22 10:17:30,177,54,16,4,3,0
2021-03-22 10:17:40,192,55,12,3,0,0
2021-03-22 10:17:50,63,18,3,3,0,0
2021-03-22 10:18:00,156,49,6,3,3,0
2021-03-22 10:18:10,138,43,3,3,3,0
2021-03-22 10:18:20,138,43,3,3,3,0
2021-03-22 10:18:30,91,29,1,1,1,0
2021-03-22 10:18:40,27,6,0,0,0,0
2021-03-22 10:18:50,54,12,0,0,0,0
2021-03-22 10:19:00,168,56,0,0,0,0
2021-03-22 10:19:10,177,59,0,0,0,0
2021-03-22 10:19:20,177,59,0,0,0,0
2021-03-22 10:19:30,129,41,1,0,0,0
2021-03-22 10:19:40,54,15,3,0,0,0
2021-03-22 10:19:50,18,6,0,0,0,0
2021-03-22 10:20:00,36,12,0,0,0,0
2021-03-22 10:20:10,18,6,0,0,0,0
2021-03-22 10:20:20,18,6,0,0,0,0
2021-03-22 10:20:30,51,15,1,0,0,0
2021-03-22 10:20:40,120,33,3,0,0,0
2021-03-22 10:20:50,63,18,3,0,0,0
2021-03-22 10:21:00,63,21,9,3,3,0
2021-03-22 10:21:10,81,24,9,6,3,0
2021-03-22 10:21:20,81,24,9,6,3,0
2021-03-22 10:21:30,54,16,6,3,1,0
2021-03-22 10:21:40,36,12,3,0,0,0
2021-03-22 10:21:50,72,24,9,0,0,0
2021-03-22 10:22:00,45,15,6,0,0,0
2021-03-22 10:22:10,45,15,9,3,3,3
2021-03-22 10:22:20,45,15,9,3,3,3
2021-03-22 10:22:30,27,9,4,1,1,1
2021-03-22 10:22:40,18,0,0,0,0,0
2021-03-22 10:22:50,18,0,0,0,0,0
2021-03-22 10:23:00,0,0,0,0,0,0
2021-03-22 10:23:10,9,3,0,0,0,0
2021-03-22 10:23:20,9,3,0,0,0,0
2021-03-22 10:23:30,4,1,0,0,0,0
2021-03-22 10:23:40,27,9,0,0,0,0
2021-03-22 10:23:50,36,12,6,0,0,0
2021-03-22 10:24:00,27,9,9,3,3,0
2021-03-22 10:24:10,9,3,3,3,3,0
2021-03-22 10:24:20,9,3,3,3,3,0
2021-03-22 10:24:30,18,4,1,1,1,0
2021-03-22 10:24:40,54,15,0,0,0,0
2021-03-22 10:24:50,54,12,0,0,0,0
2021-03-22 10:25:00,45,9,3,3,3,0
2021-03-22 10:25:10,27,6,3,3,3,0
2021-03-22 10:25:20,27,6,3,3,3,0
2021-03-22 10:25:30,31,7,3,3,3,0
2021-03-22 10:25:40,183,58,12,0,0,0
2021-03-22 10:25:50,117,39,9,0,0,0
2021-03-22 10:26:00,189,63,9,3,3,0
2021-03-22 10:26:10,216,69,15,3,3,0
2021-03-22 10:26:20,216,69,15,3,3,0
2021-03-22 10:26:30,226,65,12,1,1,0
2021-03-22 10:26:40,180,51,15,0,0,0
2021-03-22 10:26:50,363,115,24,0,0,0
2021-03-22 10:27:00,237,79,18,3,3,0
2021-03-22 10:27:10,378,117,21,6,3,0
2021-03-22 10:27:20,378,117,21,6,3,0
2021-03-22 10:27:30,361,110,27,6,3,0
2021-03-22 10:27:40,348,97,36,18,6,0
2021-03-22 10:27:50,339,96,30,15,6,0
2021-03-22 10:28:00,312,94,27,6,6,0
2021-03-22 10:28:10,483,149,30,9,9,3
2021-03-22 10:28:20,483,149,30,9,9,3
2021-03-22 10:28:30,396,123,24,6,4,1
2021-03-22 10:28:40,282,91,9,3,0,0
2021-03-22 10:28:50,162,54,15,3,3,0
2021-03-22 10:29:00,210,64,9,3,3,0
2021-03-22 10:29:10,330,98,6,0,0,0
2021-03-22 10:29:20,330,98,6,0,0,0
2021-03-22 10:29:30,393,120,16,3,3,1
2021-03-22 10:29:40,237,76,15,0,0,0
2021-03-22 10:29:50,189,63,12,0,0,0
2021-03-22 10:30:00,282,81,18,3,0,0
2021-03-22 10:30:10,318,84,27,6,0,0
2021-03-22 10:30:20,318,84,27,6,0,0
2021-03-22 10:30:30,258,66,16,4,0,0
2021-03-22 10:30:40,180,51,18,6,3,0
2021-03-22 10:30:50,198,63,15,3,0,0
2021-03-22 10:31:00,198,60,12,3,3,3
2021-03-22 10:31:10,198,57,15,3,3,3
2021-03-22 10:31:20,198,57,15,3,3,3
2021-03-22 10:31:30,229,69,16,4,3,1
2021-03-22 10:31:40,219,64,9,6,0,0
2021-03-22 10:31:50,351,107,21,3,0,0
2021-03-22 10:32:00,306,98,33,12,12,12
2021-03-22 10:32:10,120,40,12,9,6,6
2021-03-22 10:32:20,120,40,12,9,6,6
2021-03-22 10:32:30,249,72,21,7,3,3
2021-03-22 10:32:40,228,63,21,6,0,0
2021-03-22 10:32:50,189,57,9,0,0,0
2021-03-22 10:33:00,180,54,18,6,6,0
2021-03-22 10:33:10,258,86,12,3,3,0
2021-03-22 10:33:20,258,86,12,3,3,0
2021-03-22 10:33:30,210,70,6,1,1,0
2021-03-22 10:33:40,135,39,9,0,0,0
2021-03-22 10:33:50,90,30,15,0,0,0
2021-03-22 10:34:00,90,27,9,0,0,0
2021-03-22 10:34:10,126,30,3,3,3,3
2021-03-22 10:34:20,126,30,3,3,3,3
2021-03-22 10:34:30,76,19,1,1,1,1
2021-03-22 10:34:40,36,9,3,0,0,0
2021-03-22 10:34:50,81,18,9,6,0,0
2021-03-22 10:35:00,126,36,9,6,0,0
2021-03-22 10:35:10,183,61,6,3,0,0
2021-03-22 10:35:20,183,61,6,3,0,0
2021-03-22 10:35:30,150,47,4,1,0,0
2021-03-22 10:35:40,99,33,3,3,3,0
2021-03-22 10:35:50,144,42,9,6,6,0
2021-03-22 10:36:00,99,21,6,3,3,0
2021-03-22 10:36:10,36,6,0,0,0,0
2021-03-22 10:36:20,36,6,0,0,0,0
2021-03-22 10:36:30,58,16,3,3,1,0
2021-03-22 10:36:40,90,21,3,0,0,0
2021-03-22 10:36:50,63,15,9,3,0,0
2021-03-22 10:37:00,27,9,3,3,0,0
2021-03-22 10:37:10,27,6,0,0,0,0
2021-03-22 10:37:20,27,6,0,0,0,0
2021-03-22 10:37:30,18,4,1,1,0,0
2021-03-22 10:37:40,27,9,3,0,0,0
2021-03-22 10:37:50,81,27,3,0,0,0
2021-03-22 10:38:00,129,36,0,0,0,0
2021-03-22 10:38:10,156,45,6,0,0,0
2021-03-22 10:38:20,156,45,6,0,0,0
2021-03-22 10:38:30,109,30,3,0,0,0
2021-03-22 10:38:40,72,18,3,0,0,0
2021-03-22 10:38:50,72,21,6,3,0,0
2021-03-22 10:39:00,36,12,3,3,0,0
2021-03-22 10:39:10,63,21,3,0,0,0
2021-03-22 10:39:20,63,21,3,0,0,0
2021-03-22 10:39:30,67,21,4,0,0,0
2021-03-22 10:39:40,81,27,6,0,0,0
2021-03-22 10:39:50,18,6,3,0,0,0
2021-03-22 10:40:00,9,3,0,0,0,0
2021-03-22 10:40:10,36,12,3,0,0,0
2021-03-22 10:40:20,36,12,3,0,0,0
2021-03-22 10:40:30,22,7,1,0,0,0
2021-03-22 10:40:40,111,34,6,3,0,0
2021-03-22 10:40:50,102,31,3,0,0,0
2021-03-22 10:41:00,45,12,0,0,0,0
2021-03-22 10:41:10,18,6,3,3,3,0
2021-03-22 10:41:20,18,6,3,3,3,0
2021-03-22 10:41:30,9,3,1,1,1,0
2021-03-22 10:41:40,18,6,3,0,0,0
2021-03-22 10:41:50,18,6,0,0,0,0
2021-03-22 10:42:00,18,6,0,0,0,0
2021-03-22 10:42:10,0,0,0,0,0,0
2021-03-22 10:42:20,0,0,0,0,0,0
2021-03-22 10:42:30,13,3,1,1,1,1
2021-03-22 10:42:40,54,18,3,3,3,3
2021-03-22 10:42:50,63,18,0,0,0,0
2021-03-22 10:43:00,54,18,0,0,0,0
2021-03-22 10:43:10,27,9,0,0,0,0
2021-03-22 10:43:20,27,9,0,0,0,0
2021-03-22 10:43:30,45,13,3,0,0,0
2021-03-22 10:43:40,282,88,21,3,0,0
2021-03-22 10:43:50,237,76,18,3,0,0
2021-03-22 10:44:00,189,60,15,0,0,0
2021-03-22 10:44:10,90,27,6,0,0,0
2021-03-22 10:44:20,90,27,6,0,0,0
2021-03-22 10:44:30,432,138,18,0,0,0
2021-03-22 10:44:40,552,175,21,0,0,0
2021-03-22 10:44:50,477,144,27,9,3,0
2021-03-22 10:45:00,618,184,33,3,0,0
2021-03-22 10:45:10,336,109,21,6,6,3
2021-03-22 10:45:20,336,109,21,6,6,3
2021-03-22 10:45:30,321,102,22,4,4,1
2021-03-22 10:45:40,216,66,6,0,0,0
2021-03-22 10:45:50,189,60,15,0,0,0
2021-03-22 10:46:00,288,87,24,3,3,0
2021-03-22 10:46:10,279,93,15,6,3,0
2021-03-22 10:46:20,279,93,15,6,3,0
2021-03-22 10:46:30,262,84,13,3,1,0
2021-03-22 10:46:40,372,118,15,0,0,0
2021-03-22 10:46:50,252,78,15,0,0,0
2021-03-22 10:47:00,459,134,15,6,6,3
2021-03-22 10:47:10,603,172,30,12,9,6
2021-03-22 10:47:20,603,172,30,12,9,6
2021-03-22 10:47:30,400,117,24,9,4,3
2021-03-22 10:47:40,321,104,27,9,6,3
2021-03-22 10:47:50,582,182,27,6,3,0
2021-03-22 10:48:00,441,138,18,0,0,0
2021-03-22 10:48:10,264,82,18,3,3,0
2021-03-22 10:48:20,264,82,18,3,3,0
2021-03-22 10:48:30,244,77,24,7,7,1
2021-03-22 10:48:40,459,147,33,6,6,3
2021-03-22 10:48:50,591,184,24,0,0,0
2021-03-22 10:49:00,339,103,9,0,0,0
2021-03-22 10:49:10,108,36,9,0,0,0
2021-03-22 10:49:20,108,36,9,0,0,0
2021-03-22 10:49:30,157,49,7,0,0,0
2021-03-22 10:49:40,162,51,6,0,0,0
2021-03-22 10:49:50,192,58,21,0,0,0
2021-03-22 10:50:00,165,49,12,0,0,0
2021-03-22 10:50:10,72,21,3,0,0,0
2021-03-22 10:50:20,72,21,3,0,0,0
2021-03-22 10:50:30,109,35,4,0,0,0
2021-03-22 10:50:40,120,40,6,0,0,0
2021-03-22 10:50:50,147,46,3,0,0,0
2021-03-22 10:51:00,162,54,9,3,3,0
2021-03-22 10:51:10,126,42,6,3,0,0
2021-03-22 10:51:20,126,42,6,3,0,0
2021-03-22 10:51:30,244,76,16,7,1,1
2021-03-22 10:51:40,108,33,18,6,3,0
2021-03-22 10:51:50,108,33,12,3,0,0
2021-03-22 10:52:00,126,42,3,0,0,0
2021-03-22 10:52:10,144,48,3,0,0,0
2021-03-22 10:52:20,144,48,3,0,0,0
2021-03-22 10:52:30,144,45,6,1,0,0
2021-03-22 10:52:40,135,33,6,0,0,0
2021-03-22 10:52:50,63,12,6,0,0,0
2021-03-22 10:53:00,99,30,3,0,0,0
2021-03-22 10:53:10,63,18,0,0,0,0
2021-03-22 10:53:20,63,18,0,0,0,0
2021-03-22 10:53:30,105,32,1,0,0,0
2021-03-22 10:53:40,18,3,0,0,0,0
2021-03-22 10:53:50,27,6,0,0,0,0
2021-03-22 10:54:00,72,18,0,0,0,0
2021-03-22 10:54:10,72,18,3,3,3,0
2021-03-22 10:54:20,72,18,3,3,3,0
2021-03-22 10:54:30,58,16,4,1,1,0
2021-03-22 10:54:40,138,46,9,3,3,0
2021-03-22 10:54:50,111,37,3,0,0,0
2021-03-22 10:55:00,27,9,0,0,0,0
2021-03-22 10:55:10,18,6,0,0,0,0
2021-03-22 10:55:20,18,6,0,0,0,0
2021-03-22 10:55:30,45,15,1,0,0,0
2021-03-22 10:55:40,45,15,0,0,0,0
2021-03-22 10:55:50,72,24,6,0,0,0
2021-03-22 10:56:00,117,39,9,3,0,0
2021-03-22 10:56:10,165,52,3,3,0,0
2021-03-22 10:56:20,165,52,3,3,0,0
2021-03-22 10:56:30,91,29,1,1,0,0
2021-03-22 10:56:40,18,6,0,0,0,0
2021-03-22 10:56:50,63,21,3,0,0,0
2021-03-22 10:57:00,36,12,0,0,0,0
2021-03-22 10:57:10,18,6,0,0,0,0
2021-03-22 10:57:20,18,6,0,0,0,0
2021-03-22 10:57:30,22,7,3,0,0,0
2021-03-22 10:57:40,9,3,0,0,0,0
2021-03-22 10:57:50,9,0,0,0,0,0
2021-03-22 10:58:00,9,0,0,0,0,0
2021-03-22 10:58:10,54,15,0,0,0,0
2021-03-22 10:58:20,54,15,0,0,0,0
2021-03-22 10:58:30,36,10,0,0,0,0
2021-03-22 10:58:40,9,3,0,0,0,0
2021-03-22 10:58:50,9,3,3,3,3,0
2021-03-22 10:59:00,45,12,6,6,6,0
2021-03-22 10:59:10,45,12,6,6,6,0
2021-03-22 10:59:20,45,12,6,6,6,0
2021-03-22 10:59:30,31,7,4,4,3,0
2021-03-22 10:59:40,18,3,0,0,0,0
2021-03-22 10:59:50,9,3,0,0,0,0
2021-03-22 11:00:00,0,0,0,0,0,0
2021-03-22 11:00:10,9,3,0,0,0,0
2021-03-22 11:00:20,9,3,0,0,0,0
2021-03-22 11:00:30,18,4,0,0,0,0
2021-03-22 11:00:40,117,33,3,3,3,0
2021-03-22 11:00:50,279,76,9,6,3,0
2021-03-22 11:01:00,555,155,21,6,3,0
2021-03-22 11:01:10,366,106,27,3,0,0
2021-03-22 11:01:20,366,106,27,3,0,0
2021-03-22 11:01:30,375,109,24,3,1,0
2021-03-22 11:01:40,348,100,9,0,0,0
2021-03-22 11:01:50,324,95,12,0,0,0
2021-03-22 11:02:00,237,79,24,6,6,3
2021-03-22 11:02:10,189,60,3,0,0,0
2021-03-22 11:02:20,189,60,3,0,0,0
2021-03-22 11:02:30,288,91,3,1,1,1
2021-03-22 11:02:40,390,127,3,0,0,0
2021-03-22 11:02:50,390,121,3,0,0,0
2021-03-22 11:03:00,330,95,6,0,0,0
2021-03-22 11:03:10,171,51,9,3,3,0
2021-03-22 11:03:20,171,51,9,3,3,0
2021-03-22 11:03:30,381,116,34,6,6,1
2021-03-22 11:03:40,387,123,30,6,6,0
2021-03-22 11:03:50,216,63,18,3,0,0
2021-03-22 11:04:00,198,63,12,6,3,0
2021-03-22 11:04:10,237,79,18,12,9,6
2021-03-22 11:04:20,237,79,18,12,9,6
2021-03-22 11:04:30,360,107,15,6,4,3
2021-03-22 11:04:40,162,48,9,3,0,0
2021-03-22 11:04:50,171,51,9,3,0,0
2021-03-22 11:05:00,72,21,0,0,0,0
2021-03-22 11:05:10,126,39,9,3,3,0
2021-03-22 11:05:20,126,39,9,3,3,0
2021-03-22 11:05:30,201,58,12,3,3,0
2021-03-22 11:05:40,381,111,6,0,0,0
2021-03-22 11:05:50,303,94,15,0,0,0
2021-03-22 11:06:00,225,69,12,0,0,0
2021-03-22 11:06:10,117,36,9,3,0,0
2021-03-22 11:06:20,117,36,9,3,0,0
2021-03-22 11:06:30,157,49,15,6,1,0
2021-03-22 11:06:40,174,58,3,0,0,0
2021-03-22 11:06:50,183,58,3,0,0,0
2021-03-22 11:07:00,108,30,0,0,0,0
2021-03-22 11:07:10,135,36,3,3,3,0
2021-03-22 11:07:20,135,36,3,3,3,0
2021-03-22 11:07:30,144,42,4,4,3,0
2021-03-22 11:07:40,108,27,9,9,3,0
2021-03-22 11:07:50,99,27,3,3,0,0
2021-03-22 11:08:00,99,27,0,0,0,0
2021-03-22 11:08:10,192,64,0,0,0,0
2021-03-22 11:08:20,192,64,0,0,0,0
2021-03-22 11:08:30,123,39,1,0,0,0
2021-03-22 11:08:40,108,27,3,0,0,0
2021-03-22 11:08:50,135,39,0,0,0,0
2021-03-22 11:09:00,81,27,0,0,0,0
2021-03-22 11:09:10,36,12,0,0,0,0
2021-03-22 11:09:20,36,12,0,0,0,0
2021-03-22 11:09:30,76,22,1,0,0,0
2021-03-22 11:09:40,27,9,0,0,0,0
2021-03-22 11:09:50,72,24,9,0,0,0
2021-03-22 11:10:00,90,30,15,0,0,0
2021-03-22 11:10:10,81,27,9,3,3,0
2021-03-22 11:10:20,81,27,9,3,3,0
2021-03-22 11:10:30,94,30,4,1,1,0
2021-03-22 11:10:40,36,9,0,0,0,0
2021-03-22 11:10:50,18,3,3,3,3,0
2021-03-22 11:11:00,18,6,3,3,3,0
2021-03-22 11:11:10,9,0,0,0,0,0
2021-03-22 11:11:20,9,0,0,0,0,0
2021-03-22 11:11:30,13,3,1,0,0,0
2021-03-22 11:11:40,45,12,3,0,0,0
2021-03-22 11:11:50,18,3,0,0,0,0
2021-03-22 11:12:00,72,18,0,0,0,0
2021-03-22 11:12:10,90,21,6,0,0,0
2021-03-22 11:12:20,90,21,6,0,0,0
2021-03-22 11:12:30,58,15,6,3,3,3
2021-03-22 11:12:40,36,12,6,3,3,3
2021-03-22 11:12:50,18,6,3,0,0,0
2021-03-22 11:13:00,0,0,0,0,0,0
2021-03-22 11:13:10,27,6,0,0,0,0
2021-03-22 11:13:20,27,6,0,0,0,0
2021-03-22 11:13:30,40,10,1,0,0,0
2021-03-22 11:13:40,54,15,0,0,0,0
2021-03-22 11:13:50,27,6,0,0,0,0
2021-03-22 11:14:00,27,6,0,0,0,0
2021-03-22 11:14:10,27,9,0,0,0,0
2021-03-22 11:14:20,27,9,0,0,0,0
2021-03-22 11:14:30,40,12,4,4,1,1
2021-03-22 11:14:40,0,0,0,0,0,0
2021-03-22 11:14:50,27,3,0,0,0,0
2021-03-22 11:15:00,27,3,0,0,0,0
2021-03-22 11:15:10,9,3,0,0,0,0
2021-03-22 11:15:20,9,3,0,0,0,0
2021-03-22 11:15:30,9,3,1,1,1,0
2021-03-22 11:15:40,0,0,0,0,0,0
2021-03-22 11:15:50,9,3,0,0,0,0
2021-03-22 11:16:00,27,9,3,0,0,0
2021-03-22 11:16:10,0,0,0,0,0,0
2021-03-22 11:16:20,0,0,0,0,0,0
2021-03-22 11:16:30,160,36,7,1,0,0
2021-03-22 11:16:40,489,141,39,15,6,3
2021-03-22 11:16:50,366,116,45,12,9,6
2021-03-22 11:17:00,225,69,39,3,3,3
2021-03-22 11:17:10,180,57,24,0,0,0
2021-03-22 11:17:20,180,57,24,0,0,0
2021-03-22 11:17:30,223,73,24,6,4,1
2021-03-22 11:17:40,207,69,3,0,0,0
2021-03-22 11:17:50,234,78,12,0,0,0
2021-03-22 11:18:00,306,99,27,3,0,0
2021-03-22 11:18:10,315,102,33,0,0,0
2021-03-22 11:18:20,315,102,33,0,0,0
2021-03-22 11:18:30,322,101,19,1,0,0
2021-03-22 11:18:40,294,86,3,0,0,0
2021-03-22 11:18:50,126,39,6,0,0,0
2021-03-22 11:19:00,90,30,12,0,0,0
2021-03-22 11:19:10,219,66,15,3,3,0
2021-03-22 11:19:20,219,66,15,3,3,0
2021-03-22 11:19:30,195,60,13,1,1,0
2021-03-22 11:19:40,144,45,6,3,0,0
2021-03-22 11:19:50,153,45,9,6,3,0
2021-03-22 11:20:00,348,107,12,3,3,0
2021-03-22 11:20:10,375,113,21,6,0,0
2021-03-22 11:20:20,375,113,21,6,0,0
2021-03-22 11:20:30,259,77,15,6,3,0
2021-03-22 11:20:40,135,39,6,0,0,0
2021-03-22 11:20:50,99,33,6,3,3,3
2021-03-22 11:21:00,243,81,27,6,3,3
2021-03-22 11:21:10,288,93,15,0,0,0
2021-03-22 11:21:20,288,93,15,0,0,0
2021-03-22 11:21:30,238,78,12,0,0,0
2021-03-22 11:21:40,180,60,15,6,3,3
2021-03-22 11:21:50,219,70,18,3,0,0
2021-03-22 11:22:00,135,42,9,0,0,0
2021-03-22 11:22:10,135,39,6,0,0,0
2021-03-22 11:22:20,135,39,6,0,0,0
2021-03-22 11:22:30,108,33,7,1,1,0
2021-03-22 11:22:40,45,15,9,6,3,0
2021-03-22 11:22:50,117,36,12,3,0,0
2021-03-22 11:23:00,108,33,6,0,0,0
2021-03-22 11:23:10,99,30,3,0,0,0
2021-03-22 11:23:20,99,30,3,0,0,0
2021-03-22 11:23:30,118,38,7,0,0,0
2021-03-22 11:23:40,126,42,18,6,6,3
2021-03-22 11:23:50,126,39,9,6,6,3
2021-03-22 11:24:00,117,36,0,0,0,0
2021-03-22 11:24:10,72,24,3,0,0,0
2021-03-22 11:24:20,72,24,3,0,0,0
2021-03-22 11:24:30,126,39,12,3,1,0
2021-03-22 11:24:40,135,45,9,0,0,0
2021-03-22 11:24:50,81,27,0,0,0,0
2021-03-22 11:25:00,81,24,6,6,6,3
2021-03-22 11:25:10,183,55,9,3,3,0
2021-03-22 11:25:20,183,55,9,3,3,0
2021-03-22 11:25:30,255,77,12,3,3,0
2021-03-22 11:25:40,126,36,12,0,0,0
2021-03-22 11:25:50,159,46,0,0,0,0
2021-03-22 11:26:00,141,43,6,3,3,0
2021-03-22 11:26:10,111,30,9,3,3,0
2021-03-22 11:26:20,111,30,9,3,3,0
2021-03-22 11:26:30,69,19,6,1,1,0
2021-03-22 11:26:40,81,21,9,0,0,0
2021-03-22 11:26:50,81,18,6,6,3,0
2021-03-22 11:27:00,27,9,6,6,3,0
2021-03-22 11:27:10,0,0,0,0,0,0
2021-03-22 11:27:20,0,0,0,0,0,0
2021-03-22 11:27:30,27,7,0,0,0,0
2021-03-22 11:27:40,102,30,0,0,0,0
2021-03-22 11:27:50,159,49,3,3,0,0
2021-03-22 11:28:00,120,40,3,3,0,0
2021-03-22 11:28:10,63,21,0,0,0,0
2021-03-22 11:28:20,63,21,0,0,0,0
2021-03-22 11:28:30,40,13,0,0,0,0
2021-03-22 11:28:40,63,18,3,0,0,0
2021-03-22 11:28:50,45,9,6,3,3,3
2021-03-22 11:29:00,45,12,0,0,0,0
2021-03-22 11:29:10,18,6,0,0,0,0
2021-03-22 11:29:20,18,6,0,0,0,0
2021-03-22 11:29:30,45,15,3,0,0,0
2021-03-22 11:29:40,72,24,6,0,0,0
2021-03-22 11:29:50,54,15,0,0,0,0
2021-03-22 11:30:00,54,15,3,3,3,3
2021-03-22 11:30:10,63,21,9,3,3,3
2021-03-22 11:30:20,63,21,9,3,3,3
2021-03-22 11:30:30,49,15,4,1,1,1
2021-03-22 11:30:40,63,18,0,0,0,0
2021-03-22 11:30:50,45,12,0,0,0,0
2021-03-22 11:31:00,18,3,0,0,0,0
2021-03-22 11:31:10,27,9,0,0,0,0
2021-03-22 11:31:20,27,9,0,0,0,0
2021-03-22 11:31:30,18,6,0,0,0,0
2021-03-22 11:31:40,0,0,0,0,0,0
2021-03-22 11:31:50,0,0,0,0,0,0
2021-03-22 11:32:00,0,0,0,0,0,0
2021-03-22 11:32:10,0,0,0,0,0,0
2021-03-22 11:32:20,0,0,0,0,0,0
2021-03-22 11:32:30,4,1,1,1,0,0
2021-03-22 11:32:40,0,0,0,0,0,0
2021-03-22 11:32:50,0,0,0,0,0,0
2021-03-22 11:33:00,0,0,0,0,0,0
2021-03-22 11:33:10,72,24,18,3,3,0
2021-03-22 11:33:20,72,24,18,3,3,0
2021-03-22 11:33:30,238,73,15,1,1,0
2021-03-22 11:33:40,666,210,54,9,3,0
2021-03-22 11:33:50,1014,320,111,27,6,0
2021-03-22 11:34:00,813,245,96,24,9,0
2021-03-22 11:34:10,672,207,84,21,12,9
2021-03-22 11:34:20,672,207,84,21,12,9
2021-03-22 11:34:30,684,216,70,18,9,6
2021-03-22 11:34:40,483,147,30,3,3,0
2021-03-22 11:34:50,339,102,21,0,0,0
2021-03-22 11:35:00,375,118,27,3,3,0
2021-03-22 11:35:10,477,147,33,9,6,3
2021-03-22 11:35:20,477,147,33,9,6,3
2021-03-22 11:35:30,454,142,22,6,4,3
2021-03-22 11:35:40,480,151,24,3,0,0
2021-03-22 11:35:50,300,94,6,3,0,0
2021-03-22 11:36:00,135,42,9,3,0,0
2021-03-22 11:36:10,180,54,6,0,0,0
2021-03-22 11:36:20,180,54,6,0,0,0
2021-03-22 11:36:30,186,56,12,3,3,1
2021-03-22 11:36:40,99,27,3,0,0,0
2021-03-22 11:36:50,144,45,15,6,3,0
2021-03-22 11:37:00,126,33,3,3,0,0
2021-03-22 11:37:10,99,27,3,0,0,0
2021-03-22 11:37:20,99,27,3,0,0,0
2021-03-22 11:37:30,154,47,6,0,0,0
2021-03-22 11:37:40,81,27,6,3,0,0
2021-03-22 11:37:50,99,30,9,6,3,0
2021-03-22 11:38:00,99,30,6,3,3,0
2021-03-22 11:38:10,18,6,0,0,0,0
2021-03-22 11:38:20,18,6,0,0,0,0
2021-03-22 11:38:30,54,18,3,0,0,0
2021-03-22 11:38:40,54,18,3,0,0,0
2021-03-22 11:38:50,36,12,0,0,0,0
2021-03-22 11:39:00,63,18,0,0,0,0
2021-03-22 11:39:10,45,9,0,0,0,0
2021-03-22 11:39:20,45,9,0,0,0,0
2021-03-22 11:39:30,58,15,1,1,1,0
2021-03-22 11:39:40,90,27,3,3,3,0
2021-03-22 11:39:50,63,18,0,0,0,0
2021-03-22 11:40:00,63,18,0,0,0,0
2021-03-22 11:40:10,36,9,0,0,0,0
2021-03-22 11:40:20,36,9,0,0,0,0
2021-03-22 11:40:30,27,7,1,1,0,0
2021-03-22 11:40:40,18,6,0,0,0,0
2021-03-22 11:40:50,111,31,0,0,0,0
2021-03-22 11:41:00,111,31,0,0,0,0
2021-03-22 11:41:10,0,0,0,0,0,0
2021-03-22 11:41:20,0,0,0,0,0,0
2021-03-22 11:41:30,0,0,0,0,0,0
2021-03-22 11:41:40,0,0,0,0,0,0
2021-03-22 11:41:50,0,0,0,0,0,0
2021-03-22 11:42:00,9,0,0,0,0,0
2021-03-22 11:42:10,9,0,0,0,0,0
2021-03-22 11:42:20,9,0,0,0,0,0
2021-03-22 11:42:30,4,0,0,0,0,0
2021-03-22 11:42:40,0,0,0,0,0,0
2021-03-22 11:42:50,27,6,0,0,0,0
2021-03-22 11:43:00,63,18,3,0,0,0
2021-03-22 11:43:10,18,6,0,0,0,0
2021-03-22 11:43:20,18,6,0,0,0,0
2021-03-22 11:43:30,94,31,10,1,1,0
2021-03-22 11:43:40,384,121,33,0,0,0
2021-03-22 11:43:50,309,100,30,0,0,0
2021-03-22 11:44:00,477,153,30,6,3,3
2021-03-22 11:44:10,408,130,30,9,6,3
2021-03-22 11:44:20,408,130,30,9,6,3
2021-03-22 11:44:30,555,174,33,10,6,1
2021-03-22 11:44:40,492,149,36,9,3,0
2021-03-22 11:44:50,621,204,70,12,9,0
2021-03-22 11:45:00,522,162,51,6,3,0
2021-03-22 11:45:10,414,125,42,3,0,0
2021-03-22 11:45:20,414,125,42,3,0,0
2021-03-22 11:45:30,306,95,27,3,1,1
2021-03-22 11:45:40,216,69,12,0,0,0
2021-03-22 11:45:50,162,51,9,3,3,0
2021-03-22 11:46:00,210,64,9,6,6,0
2021-03-22 11:46:10,228,64,12,6,6,3
2021-03-22 11:46:20,228,64,12,6,6,3
2021-03-22 11:46:30,231,69,19,6,4,1
2021-03-22 11:46:40,117,36,9,0,0,0
2021-03-22 11:46:50,255,82,15,6,6,0
2021-03-22 11:47:00,183,55,9,3,3,0
2021-03-22 11:47:10,228,70,3,0,0,0
2021-03-22 11:47:20,228,70,3,0,0,0
2021-03-22 11:47:30,141,44,7,4,3,1
2021-03-22 11:47:40,135,42,12,3,0,0
2021-03-22 11:47:50,117,36,6,0,0,0
2021-03-22 11:48:00,54,18,9,9,9,6
2021-03-22 11:48:10,45,15,6,6,6,3
2021-03-22 11:48:20,45,15,6,6,6,3
2021-03-22 11:48:30,49,16,7,4,4,1
2021-03-22 11:48:40,81,21,3,0,0,0
2021-03-22 11:48:50,111,34,3,0,0,0
2021-03-22 11:49:00,18,6,3,0,0,0
2021-03-22 11:49:10,45,15,0,0,0,0
2021-03-22 11:49:20,45,15,0,0,0,0
2021-03-22 11:49:30,36,12,0,0,0,0
2021-03-22 11:49:40,93,31,0,0,0,0
2021-03-22 11:49:50,111,37,0,0,0,0
2021-03-22 11:50:00,81,24,3,3,3,0
2021-03-22 11:50:10,18,6,3,3,3,0
2021-03-22 11:50:20,18,6,3,3,3,0
2021-03-22 11:50:30,31,9,1,1,1,0
2021-03-22 11:50:40,36,9,0,0,0,0
2021-03-22 11:50:50,0,0,0,0,0,0
2021-03-22 11:51:00,18,6,0,0,0,0
2021-03-22 11:51:10,45,12,3,3,3,0
2021-03-22 11:51:20,45,12,3,3,3,0
2021-03-22 11:51:30,31,9,1,1,1,0
2021-03-22 11:51:40,9,3,0,0,0,0
2021-03-22 11:51:50,18,6,0,0,0,0
2021-03-22 11:52:00,18,6,0,0,0,0
2021-03-22 11:52:10,9,3,0,0,0,0
2021-03-22 11:52:20,9,3,0,0,0,0
2021-03-22 11:52:30,9,1,0,0,0,0
2021-03-22 11:52:40,9,0,0,0,0,0
2021-03-22 11:52:50,0,0,0,0,0,0
2021-03-22 11:53:00,72,18,0,0,0,0
2021-03-22 11:53:10,72,15,0,0,0,0
2021-03-22 11:53:20,72,15,0,0,0,0
2021-03-22 11:53:30,40,9,0,0,0,0
2021-03-22 11:53:40,9,0,0,0,0,0
2021-03-22 11:53:50,18,3,0,0,0,0
2021-03-22 11:54:00,0,0,0,0,0,0
2021-03-22 11:54:10,9,3,3,3,0,0
2021-03-22 11:54:20,9,3,3,3,0,0
2021-03-22 11:54:30,22,7,1,1,0,0
2021-03-22 11:54:40,195,62,22,3,3,3
2021-03-22 11:54:50,498,154,61,18,15,9
2021-03-22 11:55:00,636,197,51,18,12,6
2021-03-22 11:55:10,639,206,57,9,6,0
2021-03-22 11:55:20,639,206,57,9,6,0
2021-03-22 11:55:30,1063,340,100,12,6,1
2021-03-22 11:55:40,876,279,87,21,6,3
2021-03-22 11:55:50,1146,364,84,12,9,6
2021-03-22 11:56:00,1029,334,72,9,3,0
2021-03-22 11:56:10,639,207,51,15,3,0
2021-03-22 11:56:20,639,207,51,15,3,0
2021-03-22 11:56:30,516,165,51,9,3,0
2021-03-22 11:56:40,459,147,36,3,0,0
2021-03-22 11:56:50,525,166,27,3,0,0
2021-03-22 11:57:00,477,153,36,3,0,0
2021-03-22 11:57:10,348,113,30,12,9,0
2021-03-22 11:57:20,348,113,30,12,9,0
2021-03-22 11:57:30,241,76,19,7,4,0
2021-03-22 11:57:40,219,67,15,3,0,0
2021-03-22 11:57:50,237,70,15,0,0,0
2021-03-22 11:58:00,417,133,21,3,0,0
2021-03-22 11:58:10,255,85,30,6,3,0
2021-03-22 11:58:20,255,85,30,6,3,0
2021-03-22 11:58:30,172,57,16,3,1,0
2021-03-22 11:58:40,183,61,15,12,12,9
2021-03-22 11:58:50,135,39,12,9,9,6
2021-03-22 11:59:00,126,39,3,0,0,0
2021-03-22 11:59:10,126,42,3,0,0,0
2021-03-22 11:59:20,126,42,3,0,0,0
2021-03-22 11:59:30,108,31,4,3,3,0
2021-03-22 11:59:40,90,21,3,3,3,0
2021-03-22 11:59:50,54,18,6,3,3,3
2021-03-22 12:00:00,81,27,3,0,0,0
2021-03-22 12:00:10,54,18,6,3,3,0
2021-03-22 12:00:20,54,18,6,3,3,0
2021-03-22 12:00:30,45,15,3,1,1,0
2021-03-22 12:00:40,54,18,0,0,0,0
2021-03-22 12:00:50,18,6,0,0,0,0
2021-03-22 12:01:00,27,9,3,0,0,0
2021-03-22 12:01:10,81,27,12,3,3,0
2021-03-22 12:01:20,81,27,12,3,3,0
2021-03-22 12:01:30,91,29,7,1,1,0
2021-03-22 12:01:40,93,28,3,0,0,0
2021-03-22 12:01:50,0,0,0,0,0,0
2021-03-22 12:02:00,9,0,0,0,0,0
2021-03-22 12:02:10,45,12,0,0,0,0
2021-03-22 12:02:20,45,12,0,0,0,0
2021-03-22 12:02:30,22,6,0,0,0,0
2021-03-22 12:02:40,9,3,3,3,3,0
2021-03-22 12:02:50,27,9,3,3,3,0
2021-03-22 12:03:00,63,21,0,0,0,0
2021-03-22 12:03:10,18,6,0,0,0,0
2021-03-22 12:03:20,18,6,0,0,0,0
2021-03-22 12:03:30,55,18,4,0,0,0
2021-03-22 12:03:40,93,31,9,0,0,0
2021-03-22 12:03:50,0,0,0,0,0,0
2021-03-22 12:04:00,9,3,0,0,0,0
2021-03-22 12:04:10,0,0,0,0,0,0
2021-03-22 12:04:20,0,0,0,0,0,0
2021-03-22 12:04:30,9,1,1,1,1,0
2021-03-22 12:04:40,0,0,0,0,0,0
2021-03-22 12:04:50,0,0,0,0,0,0
2021-03-22 12:05:00,0,0,0,0,0,0
2021-03-22 12:05:10,18,6,0,0,0,0
2021-03-22 12:05:20,18,6,0,0,0,0
2021-03-22 12:05:30,13,3,0,0,0,0
2021-03-22 12:05:40,9,0,0,0,0,0
2021-03-22 12:05:50,0,0,0,0,0,0
2021-03-22 12:06:00,0,0,0,0,0,0
2021-03-22 12:06:10,9,0,0,0,0,0
2021-03-22 12:06:20,9,0,0,0,0,0
2021-03-22 12:06:30,13,3,0,0,0,0
2021-03-22 12:06:40,27,9,0,0,0,0
2021-03-22 12:06:50,9,3,0,0,0,0
2021-03-22 12:07:00,0,0,0,0,0,0
2021-03-22 12:07:10,0,0,0,0,0,0
2021-03-22 12:07:20,0,0,0,0,0,0
2021-03-22 12:07:30,0,0,0,0,0,0
2021-03-22 12:07:40,0,0,0,0,0,0
2021-03-22 12:07:50,9,3,0,0,0,0
2021-03-22 12:08:00,27,9,0,0,0,0
2021-03-22 12:08:10,18,6,0,0,0,0
2021-03-22 12:08:20,18,6,0,0,0,0
2021-03-22 12:08:30,9,3,0,0,0,0
2021-03-22 12:08:40,0,0,0,0,0,0
2021-03-22 12:08:50,0,0,0,0,0,0
2021-03-22 12:09:00,0,0,0,0,0,0
2021-03-22 12:09:10,0,0,0,0,0,0
2021-03-22 12:09:20,0,0,0,0,0,0
2021-03-22 12:09:30,0,0,0,0,0,0
2021-03-22 12:09:40,0,0,0,0,0,0
2021-03-22 12:09:50,0,0,0,0,0,0
2021-03-22 12:10:00,0,0,0,0,0,0
2021-03-22 12:10:10,0,0,0,0,0,0
2021-03-22 12:10:20,0,0,0,0,0,0
2021-03-22 12:10:30,0,0,0,0,0,0
2021-03-22 12:10:40,0,0,0,0,0,0
2021-03-22 12:10:50,0,0,0,0,0,0
2021-03-22 12:11:00,0,0,0,0,0,0
2021-03-22 12:11:10,0,0,0,0,0,0
2021-03-22 12:11:20,0,0,0,0,0,0
2021-03-22 12:11:30,0,0,0,0,0,0
2021-03-22 12:11:40,0,0,0,0,0,0
2021-03-22 12:11:50,0,0,0,0,0,0
2021-03-22 12:12:00,0,0,0,0,0,0
2021-03-22 12:12:10,0,0,0,0,0,0
2021-03-22 12:12:20,0,0,0,0,0,0
2021-03-22 12:12:30,0,0,0,0,0,0
2021-03-22 12:12:40,0,0,0,0,0,0
2021-03-22 12:12:50,0,0,0,0,0,0
2021-03-22 12:13:00,0,0,0,0,0,0
2021-03-22 12:13:10,0,0,0,0,0,0
2021-03-22 12:13:20,0,0,0,0,0,0
2021-03-22 12:13:30,0,0,0,0,0,0
2021-03-22 12:13:40,0,0,0,0,0,0
2021-03-22 12:13:50,0,0,0,0,0,0
2021-03-22 12:14:00,0,0,0,0,0,0
2021-03-22 12:14:10,0,0,0,0,0,0
2021-03-22 12:14:20,0,0,0,0,0,0
2021-03-22 12:14:30,0,0,0,0,0,0
2021-03-22 12:14:40,0,0,0,0,0,0
2021-03-22 12:14:50,0,0,0,0,0,0
2021-03-22 12:15:00,0,0,0,0,0,0
2021-03-22 12:15:10,0,0,0,0,0,0
2021-03-22 12:15:20,0,0,0,0,0,0
2021-03-22 12:15:30,0,0,0,0,0,0
2021-03-22 12:15:40,0,0,0,0,0,0
2021-03-22 12:15:50,0,0,0,0,0,0
2021-03-22 12:16:00,0,0,0,0,0,0
2021-03-22 12:16:10,0,0,0,0,0,0
2021-03-22 12:16:20,0,0,0,0,0,0
2021-03-22 12:16:30,0,0,0,0,0,0
2021-03-22 12:16:40,0,0,0,0,0,0
2021-03-22 12:16:50,0,0,0,0,0,0
2021-03-22 12:17:00,0,0,0,0,0,0
2021-03-22 12:17:10,0,0,0,0,0,0
2021-03-22 12:17:20,0,0,0,0,0,0
2021-03-22 12:17:30,0,0,0,0,0,0
2021-03-22 12:17:40,0,0,0,0,0,0
2021-03-22 12:17:50,0,0,0,0,0,0
2021-03-22 12:18:00,0,0,0,0,0,0
2021-03-22 12:18:10,0,0,0,0,0,0
2021-03-22 12:18:20,0,0,0,0,0,0
2021-03-22 12:18:30,0,0,0,0,0,0
2021-03-22 12:18:40,0,0,0,0,0,0
2021-03-22 12:18:50,0,0,0,0,0,0
2021-03-22 12:19:00,0,0,0,0,0,0
2021-03-22 12:19:10,0,0,0,0,0,0
2021-03-22 12:19:20,0,0,0,0,0,0
2021-03-22 12:19:30,0,0,0,0,0,0
2021-03-22 12:19:40,0,0,0,0,0,0
2021-03-22 12:19:50,9,3,0,0,0,0
2021-03-22 12:20:00,81,27,6,0,0,0
2021-03-22 12:20:10,234,75,24,3,0,0
2021-03-22 12:20:20,234,75,24,3,0,0
2021-03-22 12:20:30,361,114,21,4,0,0
2021-03-22 12:20:40,609,184,39,12,6,0
2021-03-22 12:20:50,774,248,60,21,9,6
2021-03-22 12:21:00,429,140,45,9,6,0
2021-03-22 12:21:10,486,156,33,9,6,3
2021-03-22 12:21:20,486,156,33,9,6,3
2021-03-22 12:21:30,489,153,30,7,6,3
2021-03-22 12:21:40,300,90,24,9,6,6
2021-03-22 12:21:50,207,69,15,6,3,3
2021-03-22 12:22:00,216,66,12,0,0,0
2021-03-22 12:22:10,294,80,18,3,3,0
2021-03-22 12:22:20,294,80,18,3,3,0
2021-03-22 12:22:30,252,73,18,6,1,0
2021-03-22 12:22:40,276,86,21,9,0,0
2021-03-22 12:22:50,165,52,6,3,3,0
2021-03-22 12:23:00,117,36,6,3,3,0
2021-03-22 12:23:10,144,36,3,0,0,0
2021-03-22 12:23:20,144,36,3,0,0,0
2021-03-22 12:23:30,112,28,3,0,0,0
2021-03-22 12:23:40,108,27,3,0,0,0
2021-03-22 12:23:50,54,12,0,0,0,0
2021-03-22 12:24:00,45,15,0,0,0,0
2021-03-22 12:24:10,258,86,6,0,0,0
2021-03-22 12:24:20,258,86,6,0,0,0
2021-03-22 12:24:30,129,43,3,0,0,0
2021-03-22 12:24:40,9,3,0,0,0,0
2021-03-22 12:24:50,9,3,0,0,0,0
2021-03-22 12:25:00,45,12,0,0,0,0
2021-03-22 12:25:10,9,3,0,0,0,0
2021-03-22 12:25:20,9,3,0,0,0,0
2021-03-22 12:25:30,9,3,0,0,0,0
2021-03-22 12:25:40,54,18,3,0,0,0
2021-03-22 12:25:50,54,15,0,0,0,0
2021-03-22 12:26:00,27,6,0,0,0,0
2021-03-22 12:26:10,27,6,0,0,0,0
2021-03-22 12:26:20,27,6,0,0,0,0
2021-03-22 12:26:30,22,6,0,0,0,0
2021-03-22 12:26:40,36,12,0,0,0,0
2021-03-22 12:26:50,18,6,0,0,0,0
2021-03-22 12:27:00,45,12,0,0,0,0
2021-03-22 12:27:10,54,15,3,0,0,0
2021-03-22 12:27:20,54,15,3,0,0,0
2021-03-22 12:27:30,27,7,1,0,0,0
2021-03-22 12:27:40,0,0,0,0,0,0
2021-03-22 12:27:50,0,0,0,0,0,0
2021-03-22 12:28:00,9,0,0,0,0,0
2021-03-22 12:28:10,18,3,0,0,0,0
2021-03-22 12:28:20,18,3,0,0,0,0
2021-03-22 12:28:30,13,3,1,1,1,0
2021-03-22 12:28:40,0,0,0,0,0,0
2021-03-22 12:28:50,18,6,0,0,0,0
2021-03-22 12:29:00,18,6,0,0,0,0
2021-03-22 12:29:10,9,3,0,0,0,0
2021-03-22 12:29:20,9,3,0,0,0,0
2021-03-22 12:29:30,27,7,1,1,1,0
2021-03-22 12:29:40,36,9,0,0,0,0
2021-03-22 12:29:50,0,0,0,0,0,0
2021-03-22 12:30:00,0,0,0,0,0,0
2021-03-22 12:30:10,0,0,0,0,0,0
2021-03-22 12:30:20,0,0,0,0,0,0
2021-03-22 12:30:30,4,1,0,0,0,0
2021-03-22 12:30:40,0,0,0,0,0,0
2021-03-22 12:30:50,0,0,0,0,0,0
2021-03-22 12:31:00,0,0,0,0,0,0
2021-03-22 12:31:10,36,9,0,0,0,0
2021-03-22 12:31:20,36,9,0,0,0,0
2021-03-22 12:31:30,138,43,3,0,0,0
2021-03-22 12:31:40,90,30,0,0,0,0
2021-03-22 12:31:50,267,71,3,3,0,0
2021-03-22 12:32:00,285,83,3,3,0,0
2021-03-22 12:32:10,375,113,21,6,3,0
2021-03-22 12:32:20,375,113,21,6,3,0
2021-03-22 12:32:30,241,74,16,9,3,1
2021-03-22 12:32:40,90,30,12,6,0,0
2021-03-22 12:32:50,90,30,12,3,3,0
2021-03-22 12:33:00,249,83,12,6,3,0
2021-03-22 12:33:10,288,83,9,3,0,0
2021-03-22 12:33:20,288,83,9,3,0,0
2021-03-22 12:33:30,238,71,10,1,0,0
2021-03-22 12:33:40,135,45,9,3,3,0
2021-03-22 12:33:50,201,61,3,0,0,0
2021-03-22 12:34:00,108,36,6,0,0,0
2021-03-22 12:34:10,126,42,0,0,0,0
2021-03-22 12:34:20,126,42,0,0,0,0
2021-03-22 12:34:30,103,34,3,0,0,0
2021-03-22 12:34:40,63,21,3,0,0,0
2021-03-22 12:34:50,99,30,3,3,3,0
2021-03-22 12:35:00,147,46,9,6,3,0
2021-03-22 12:35:10,99,33,9,6,0,0
2021-03-22 12:35:20,99,33,9,6,0,0
2021-03-22 12:35:30,76,24,7,3,0,0
2021-03-22 12:35:40,72,21,6,0,0,0
2021-03-22 12:35:50,45,12,0,0,0,0
2021-03-22 12:36:00,45,12,0,0,0,0
2021-03-22 12:36:10,45,12,0,0,0,0
2021-03-22 12:36:20,45,12,0,0,0,0
2021-03-22 12:36:30,97,29,9,1,1,1
2021-03-22 12:36:40,36,12,6,3,0,0
2021-03-22 12:36:50,54,15,3,3,0,0
2021-03-22 12:37:00,72,18,3,0,0,0
2021-03-22 12:37:10,36,9,0,0,0,0
2021-03-22 12:37:20,36,9,0,0,0,0
2021-03-22 12:37:30,45,13,0,0,0,0
2021-03-22 12:37:40,36,12,0,0,0,0
2021-03-22 12:37:50,168,34,0,0,0,0
2021-03-22 12:38:00,186,40,0,0,0,0
2021-03-22 12:38:10,63,18,0,0,0,0
2021-03-22 12:38:20,63,18,0,0,0,0
2021-03-22 12:38:30,31,9,0,0,0,0
2021-03-22 12:38:40,54,18,0,0,0,0
2021-03-22 12:38:50,54,18,0,0,0,0
2021-03-22 12:39:00,0,0,0,0,0,0
2021-03-22 12:39:10,0,0,0,0,0,0
2021-03-22 12:39:20,0,0,0,0,0,0
2021-03-22 12:39:30,0,0,0,0,0,0
2021-03-22 12:39:40,0,0,0,0,0,0
2021-03-22 12:39:50,0,0,0,0,0,0
2021-03-22 12:40:00,0,0,0,0,0,0
2021-03-22 12:40:10,0,0,0,0,0,0
2021-03-22 12:40:20,0,0,0,0,0,0
2021-03-22 12:40:30,18,4,0,0,0,0
2021-03-22 12:40:40,27,6,0,0,0,0
2021-03-22 12:40:50,36,12,0,0,0,0
2021-03-22 12:41:00,45,15,3,3,3,0
2021-03-22 12:41:10,117,36,6,6,6,0
2021-03-22 12:41:20,117,36,6,6,6,0
2021-03-22 12:41:30,121,39,3,3,3,0
2021-03-22 12:41:40,162,45,12,6,6,6
2021-03-22 12:41:50,153,36,6,3,3,3
2021-03-22 12:42:00,225,63,9,3,0,0
2021-03-22 12:42:10,348,100,12,3,0,0
2021-03-22 12:42:20,348,100,12,3,0,0
2021-03-22 12:42:30,282,78,10,3,0,0
2021-03-22 12:42:40,429,119,12,0,0,0
2021-03-22 12:42:50,381,112,24,6,6,3
2021-03-22 12:43:00,189,63,15,3,3,3
2021-03-22 12:43:10,117,39,3,0,0,0
2021-03-22 12:43:20,117,39,3,0,0,0
2021-03-22 12:43:30,103,31,1,0,0,0
2021-03-22 12:43:40,267,86,0,0,0,0
2021-03-22 12:43:50,258,83,0,0,0,0
2021-03-22 12:44:00,63,21,3,3,3,3
2021-03-22 12:44:10,126,39,12,6,6,6
2021-03-22 12:44:20,126,39,12,6,6,6
2021-03-22 12:44:30,81,25,6,3,3,3
2021-03-22 12:44:40,27,9,0,0,0,0
2021-03-22 12:44:50,45,15,3,0,0,0
2021-03-22 12:45:00,27,6,3,0,0,0
2021-03-22 12:45:10,36,9,0,0,0,0
2021-03-22 12:45:20,36,9,0,0,0,0
2021-03-22 12:45:30,109,31,7,3,0,0
2021-03-22 12:45:40,90,30,15,3,0,0
2021-03-22 12:45:50,36,12,0,0,0,0
2021-03-22 12:46:00,63,21,3,3,0,0
2021-03-22 12:46:10,165,52,3,3,0,0
2021-03-22 12:46:20,165,52,3,3,0,0
2021-03-22 12:46:30,156,49,4,3,1,1
2021-03-22 12:46:40,81,21,0,0,0,0
2021-03-22 12:46:50,36,12,3,0,0,0
2021-03-22 12:47:00,0,0,0,0,0,0
2021-03-22 12:47:10,18,6,3,3,3,0
2021-03-22 12:47:20,18,6,3,3,3,0
2021-03-22 12:47:30,40,12,3,1,1,0
2021-03-22 12:47:40,18,6,3,0,0,0
2021-03-22 12:47:50,36,12,6,0,0,0
2021-03-22 12:48:00,54,18,12,0,0,0
2021-03-22 12:48:10,18,3,0,0,0,0
2021-03-22 12:48:20,18,3,0,0,0,0
2021-03-22 12:48:30,9,1,0,0,0,0
2021-03-22 12:48:40,18,6,3,3,3,0
2021-03-22 12:48:50,18,6,3,3,3,0
2021-03-22 12:49:00,36,9,3,0,0,0
2021-03-22 12:49:10,27,9,0,0,0,0
2021-03-22 12:49:20,27,9,0,0,0,0
2021-03-22 12:49:30,21,7,0,0,0,0
2021-03-22 12:49:40,15,5,0,0,0,0
2021-03-22 12:49:50,27,9,0,0,0,0
2021-03-22 12:50:00,0,0,0,0,0,0
2021-03-22 12:50:10,0,0,0,0,0,0
2021-03-22 12:50:20,0,0,0,0,0,0
2021-03-22 12:50:30,0,0,0,0,0,0
2021-03-22 12:50:40,0,0,0,0,0,0
2021-03-22 12:50:50,0,0,0,0,0,0
2021-03-22 12:51:00,54,9,3,0,0,0
2021-03-22 12:51:10,9,3,0,0,0,0
2021-03-22 12:51:20,9,3,0,0,0,0
2021-03-22 12:51:30,9,3,0,0,0,0
2021-03-22 12:51:40,18,6,0,0,0,0
2021-03-22 12:51:50,27,9,0,0,0,0
2021-03-22 12:52:00,0,0,0,0,0,0
2021-03-22 12:52:10,9,0,0,0,0,0
2021-03-22 12:52:20,9,0,0,0,0,0
2021-03-22 12:52:30,9,0,0,0,0,0
2021-03-22 12:52:40,4,0,0,0,0,0
2021-03-22 12:52:50,0,0,0,0,0,0
2021-03-22 12:53:00,0,0,0,0,0,0
2021-03-22 12:53:10,0,0,0,0,0,0
2021-03-22 12:53:20,0,0,0,0,0,0
2021-03-22 12:53:30,0,0,0,0,0,0
2021-03-22 12:53:40,0,0,0,0,0,0
2021-03-22 12:53:50,0,0,0,0,0,0
2021-03-22 12:54:00,0,0,0,0,0,0
2021-03-22 12:54:10,0,0,0,0,0,0
2021-03-22 12:54:20,0,0,0,0,0,0
2021-03-22 12:54:30,0,0,0,0,0,0
2021-03-22 12:54:40,0,0,0,0,0,0
2021-03-22 12:54:50,0,0,0,0,0,0
2021-03-22 12:55:00,0,0,0,0,0,0
2021-03-22 12:55:10,0,0,0,0,0,0
2021-03-22 12:55:20,0,0,0,0,0,0
2021-03-22 12:55:30,0,0,0,0,0,0
2021-03-22 12:55:40,0,0,0,0,0,0
2021-03-22 12:55:50,0,0,0,0,0,0
2021-03-22 12:56:00,0,0,0,0,0,0
2021-03-22 12:56:10,0,0,0,0,0,0
2021-03-22 12:56:20,0,0,0,0,0,0
2021-03-22 12:56:30,0,0,0,0,0,0
2021-03-22 12:56:40,4,1,0,0,0,0
2021-03-22 12:56:50,9,3,0,0,0,0
2021-03-22 12:57:00,0,0,0,0,0,0
2021-03-22 12:57:10,0,0,0,0,0,0
2021-03-22 12:57:20,0,0,0,0,0,0
2021-03-22 12:57:30,0,0,0,0,0,0
2021-03-22 12:57:40,0,0,0,0,0,0
2021-03-22 12:57:50,0,0,0,0,0,0
2021-03-22 12:58:00,0,0,0,0,0,0
2021-03-22 12:58:10,0,0,0,0,0,0
2021-03-22 12:58:20,0,0,0,0,0,0
2021-03-22 12:58:30,0,0,0,0,0,0
2021-03-22 12:58:40,0,0,0,0,0,0
2021-03-22 12:58:50,0,0,0,0,0,0
